{
  "project_info": {
    "project_number": "504637581712",
    "project_id": "fir-authall-ff825",
    "storage_bucket": "fir-authall-ff825.appspot.com"
  },
  "client": [
    {
      "client_info": {
        "mobilesdk_app_id": "1:504637581712:android:eea875a6fc098bfed56b15",
        "android_client_info": {
          "package_name": "com.zybooks.cs_499inventoryapp"
        }
      },
      "oauth_client": [
        {
          "client_id": "504637581712-a546ldokgq8j24aksnqrtqkpj98k009u.apps.googleusercontent.com",
          "client_type": 3
        }
      ],
      "api_key": [
        {
          "current_key": "AIzaSyAoJsisY3_ee-xWObM4k9MWF5-btVpKW3s"
        }
      ],
      "services": {
        "appinvite_service": {
          "other_platform_oauth_client": [
            {
              "client_id": "504637581712-a546ldokgq8j24aksnqrtqkpj98k009u.apps.googleusercontent.com",
              "client_type": 3
            }
          ]
        }
      }
    }
  ],
  "configuration_version": "1"
}