{
  "project_info": {
    "project_number": "457595731465",
    "project_id": "inventory-b06fc",
    "storage_bucket": "inventory-b06fc.appspot.com"
  },
  "client": [
    {
      "client_info": {
        "mobilesdk_app_id": "1:457595731465:android:105a3263136f6094c742d8",
        "android_client_info": {
          "package_name": "com.zybooks.chelseapatel_inventoryapp"
        }
      },
      "oauth_client": [
        {
          "client_id": "457595731465-9e3june9l59j9m6lkoplnvc2q0j26iio.apps.googleusercontent.com",
          "client_type": 3
        }
      ],
      "api_key": [
        {
          "current_key": "AIzaSyA0L2Q7C32jRnT9l4nhmSz5tz9vtkXNiGY"
        }
      ],
      "services": {
        "appinvite_service": {
          "other_platform_oauth_client": [
            {
              "client_id": "457595731465-9e3june9l59j9m6lkoplnvc2q0j26iio.apps.googleusercontent.com",
              "client_type": 3
            }
          ]
        }
      }
    }
  ],
  "configuration_version": "1"
}